ID,FlightID,FlightAD,FlightTerminal,FlightClass,BusRequired,FlightTime
0,D,A,3,Narrow_Body,2,133
1,D,D,1,Regional,1,72
2,D,D,3,Narrow_Body,2,231
3,D,A,1,Regional,1,115
4,D,D,1,Narrow_Body,2,83
5,D,A,1,Narrow_Body,2,128
6,D,D,1,Narrow_Body,2,100
7,D,A,1,Narrow_Body,2,144
8,D,D,1,Narrow_Body,2,116
9,D,A,1,Narrow_Body,2,161
10,D,D,1,Narrow_Body,2,131
11,D,A,1,Narrow_Body,2,176
12,D,D,1,Narrow_Body,2,138
13,D,A,1,Narrow_Body,2,182
14,D,D,1,Narrow_Body,2,149
15,D,A,1,Narrow_Body,2,197
16,D,D,1,Narrow_Body,2,163
17,D,A,1,Narrow_Body,2,208
18,D,D,1,Narrow_Body,2,184
19,D,A,1,Narrow_Body,2,228
20,D,D,1,Narrow_Body,2,206
21,D,A,1,Narrow_Body,2,250
22,D,D,1,Narrow_Body,2,219
23,D,A,1,Narrow_Body,2,264
24,D,D,1,Narrow_Body,2,236
25,D,A,1,Narrow_Body,2,285
26,D,D,1,Narrow_Body,2,246
27,D,A,1,Narrow_Body,2,5
28,D,D,1,Narrow_Body,2,252
29,D,A,1,Narrow_Body,2,88
30,D,D,1,Narrow_Body,2,279
31,D,A,1,Narrow_Body,2,77
32,D,D,1,Narrow_Body,2,18
33,D,A,1,Narrow_Body,2,61
34,D,D,1,Narrow_Body,2,197
35,D,A,1,Narrow_Body,2,240
36,D,D,1,Narrow_Body,2,143
37,D,A,1,Narrow_Body,2,187
38,D,D,1,Narrow_Body,2,258
39,D,A,1,Narrow_Body,1,14
40,D,D,1,Narrow_Body,2,8
41,D,A,1,Narrow_Body,2,102
42,I,D,3,Wide_Body,5,112
43,I,A,3,Wide_Body,5,77
44,I,D,3,Wide_Body,3,171
45,I,A,3,Wide_Body,5,141
46,I,A,3,Wide_Body,4,92
47,I,D,3,Wide_Body,3,144
48,I,A,3,Wide_Body,5,166
49,I,D,3,Wide_Body,2,132
50,I,D,3,Wide_Body,2,236
51,D,D,3,Narrow_Body,2,84
52,I,A,3,Wide_Body,4,208
53,D,A,3,Narrow_Body,2,158
54,D,D,3,Narrow_Body,3,193
55,D,A,3,Narrow_Body,2,269
56,D,D,3,Narrow_Body,3,220
57,D,A,3,Narrow_Body,3,265
58,I,D,3,Wide_Body,2,86
59,D,A,3,Regional,1,96
60,I,A,3,Wide_Body,3,108
61,D,D,3,Regional,1,109
62,D,A,3,Regional,1,251
63,D,D,3,Regional,1,263
64,D,D,3,Narrow_Body,3,238
65,D,A,3,Regional,1,162
66,D,D,3,Regional,1,172
67,D,A,3,Regional,1,195
68,D,D,3,Narrow_Body,2,214
69,D,D,3,Regional,1,207
70,D,D,3,Regional,2,162
71,D,A,3,Regional,2,203
72,D,D,3,Narrow_Body,3,282
73,D,A,3,Narrow_Body,2,67
74,D,D,3,Narrow_Body,3,87
75,D,A,3,Narrow_Body,3,130
76,D,D,3,Regional,2,283
77,D,A,3,Narrow_Body,2,69
78,D,D,3,Narrow_Body,2,104
79,D,A,3,Narrow_Body,2,173
80,D,D,3,Regional,2,285
81,D,A,3,Regional,2,74
82,D,D,3,Regional,2,149
83,D,A,3,Regional,2,206
84,D,D,3,Regional,1,287
85,D,A,3,Regional,2,106
86,I,D,2,Narrow_Body,1,180
87,I,A,2,Narrow_Body,2,286
88,D,D,3,Regional,2,285
89,D,A,3,Regional,1,72
90,D,D,3,Regional,1,227
91,I,D,3,Wide_Body,2,148
92,D,A,3,Regional,1,270
93,I,A,2,Wide_Body,4,72
94,D,D,3,Regional,2,282
95,D,A,3,Regional,2,63
96,I,D,3,Wide_Body,3,187
97,I,A,3,Wide_Body,3,107
98,I,D,3,Wide_Body,5,256
99,I,D,2,Narrow_Body,2,49
100,I,A,3,Wide_Body,5,177
101,I,D,2,Wide_Body,3,114
102,I,A,2,Narrow_Body,3,168
103,I,A,3,Wide_Body,5,69
104,D,D,3,Narrow_Body,3,243
105,I,D,2,Wide_Body,5,241
106,D,A,3,Narrow_Body,3,287
107,I,A,2,Wide_Body,5,196
108,I,D,2,Wide_Body,5,232
109,I,A,2,Wide_Body,5,200
110,I,D,2,Wide_Body,3,230
111,I,A,2,Wide_Body,4,197
112,D,D,3,Narrow_Body,2,190
113,D,A,3,Narrow_Body,2,261
114,D,D,3,Regional,1,86
115,D,A,3,Regional,1,139
116,D,D,3,Narrow_Body,2,105
117,D,A,3,Narrow_Body,2,179
118,I,D,2,Wide_Body,2,226
119,I,A,3,Wide_Body,4,174
120,I,D,3,Wide_Body,2,151
121,I,D,5,Narrow_Body,2,218
122,I,A,3,Wide_Body,4,93
123,I,A,5,Narrow_Body,2,202
124,D,D,3,Regional,2,223
125,D,A,3,Regional,2,264
126,D,D,3,Narrow_Body,2,140
127,D,A,3,Narrow_Body,2,211
128,I,D,3,Wide_Body,5,249
129,I,A,3,Wide_Body,5,198
130,I,A,2,Wide_Body,3,180
131,I,A,3,Wide_Body,5,193
132,I,D,3,Narrow_Body,2,216
133,I,A,3,Narrow_Body,1,203
134,I,D,2,Wide_Body,2,206
135,I,D,3,Wide_Body,4,228
136,I,D,3,Wide_Body,2,223
137,I,A,2,Wide_Body,4,206
138,I,D,3,Wide_Body,2,212
139,I,A,2,Wide_Body,3,214
140,I,D,3,Wide_Body,3,233
141,I,A,3,Wide_Body,5,199
142,D,D,3,Wide_Body,3,251
143,D,A,3,Wide_Body,3,179
144,D,D,3,Wide_Body,3,259
145,D,A,3,Wide_Body,4,133
146,D,A,3,Narrow_Body,2,28
147,I,D,2,Wide_Body,1,263
148,I,A,2,Wide_Body,3,207
149,I,D,3,Narrow_Body,2,227
150,D,D,3,Regional,1,85
151,D,A,3,Regional,2,126
152,D,D,3,Regional,1,84
153,D,A,3,Regional,1,150
154,I,A,3,Wide_Body,3,231
155,I,D,3,Wide_Body,3,255
156,D,A,3,Narrow_Body,3,68
157,I,A,2,Narrow_Body,2,224
158,I,D,2,Narrow_Body,1,235
159,D,D,3,Regional,1,197
160,D,A,3,Regional,2,267
161,I,D,2,Narrow_Body,3,210
162,I,A,2,Narrow_Body,2,7
163,D,D,3,Regional,2,216
164,D,A,3,Regional,2,270
165,I,D,2,Narrow_Body,1,249
166,I,A,3,Narrow_Body,2,89
167,I,D,2,Narrow_Body,2,107
168,I,A,2,Narrow_Body,2,246
169,I,A,5,Narrow_Body,2,239
170,I,D,5,Narrow_Body,2,248
171,I,A,5,Narrow_Body,1,108
172,I,D,5,Narrow_Body,2,117
173,I,A,5,Narrow_Body,2,12
174,I,D,5,Narrow_Body,2,58
175,I,A,5,Narrow_Body,2,176
176,I,D,5,Narrow_Body,2,185
177,I,A,2,Wide_Body,4,165
178,D,D,3,Narrow_Body,1,143
179,D,A,3,Narrow_Body,2,220
180,I,D,2,Narrow_Body,2,9
181,I,A,2,Narrow_Body,3,94
182,I,D,3,Narrow_Body,2,19
183,I,A,3,Narrow_Body,2,144
184,I,D,3,Wide_Body,4,106
185,I,A,3,Wide_Body,4,225
186,I,D,3,Wide_Body,3,224
187,I,A,3,Wide_Body,4,56
188,I,D,3,Wide_Body,2,83
189,I,A,3,Wide_Body,3,202
190,I,D,3,Narrow_Body,2,160
191,I,A,3,Narrow_Body,2,277
192,I,D,2,Narrow_Body,1,254
193,I,A,2,Narrow_Body,2,71
194,I,A,3,Narrow_Body,2,4
195,I,D,5,Narrow_Body,2,99
196,I,A,5,Narrow_Body,2,250
197,I,D,5,Narrow_Body,2,19
198,D,D,3,Narrow_Body,3,142
199,I,A,5,Narrow_Body,2,165
200,D,A,3,Narrow_Body,2,215
201,I,D,5,Narrow_Body,1,224
202,I,A,5,Narrow_Body,2,82
203,D,D,3,Regional,2,177
204,D,A,3,Regional,2,242
205,D,D,3,Narrow_Body,2,17
206,D,A,3,Narrow_Body,2,115
207,I,A,5,Narrow_Body,2,183
208,I,D,5,Narrow_Body,2,200
209,I,A,5,Narrow_Body,2,244
210,I,D,5,Narrow_Body,2,259
211,D,D,3,Regional,1,6
212,D,A,3,Regional,1,75
213,D,D,3,Regional,1,166
214,D,A,3,Regional,2,215
215,I,A,2,Wide_Body,4,204
216,I,D,2,Wide_Body,3,229
217,I,D,5,Narrow_Body,2,60
218,I,A,5,Narrow_Body,2,27
219,D,D,3,Narrow_Body,3,281
220,D,A,3,Narrow_Body,3,68
221,I,A,5,Narrow_Body,1,123
222,I,D,5,Narrow_Body,2,132
223,I,A,5,Regional,1,165
224,I,D,5,Regional,1,175
225,I,A,5,Regional,2,237
226,I,D,5,Regional,1,248
227,I,A,3,Regional,1,111
228,I,D,3,Regional,2,120
229,I,A,3,Regional,1,232
230,I,D,3,Regional,1,246
231,I,A,3,Regional,2,154
232,I,D,3,Regional,1,163
233,D,D,3,Narrow_Body,3,287
234,D,A,3,Narrow_Body,2,66
235,I,A,5,Narrow_Body,2,95
236,I,D,5,Narrow_Body,2,110
237,I,A,5,Narrow_Body,3,256
238,I,D,5,Narrow_Body,2,268
239,I,A,5,Narrow_Body,2,252
240,I,D,5,Narrow_Body,2,265
241,I,A,2,Narrow_Body,2,195
242,I,D,2,Narrow_Body,2,205
243,I,A,2,Narrow_Body,2,37
244,I,D,2,Narrow_Body,2,86
245,I,D,5,Narrow_Body,3,68
246,I,A,5,Narrow_Body,3,193
247,I,D,5,Narrow_Body,2,204
248,I,A,5,Narrow_Body,2,18
249,I,A,2,Wide_Body,3,203
250,I,D,2,Wide_Body,4,225
251,I,A,3,Wide_Body,2,202
252,I,D,3,Wide_Body,4,227
253,I,A,2,Narrow_Body,2,118
254,I,D,3,Narrow_Body,2,127
255,I,A,2,Regional,2,234
256,I,D,3,Regional,2,244
257,D,D,1,Narrow_Body,2,80
258,D,A,1,Narrow_Body,2,136
259,D,D,1,Narrow_Body,2,122
260,D,A,1,Narrow_Body,2,183
261,D,D,1,Narrow_Body,2,165
262,D,A,1,Narrow_Body,2,228
263,D,D,1,Narrow_Body,2,222
264,D,A,1,Narrow_Body,2,281
265,D,D,1,Narrow_Body,2,241
266,D,A,1,Narrow_Body,1,70
267,D,D,1,Narrow_Body,2,199
268,D,A,1,Narrow_Body,2,256
269,D,D,1,Regional,2,202
270,D,A,1,Regional,2,246
271,D,D,1,Narrow_Body,1,94
272,D,A,1,Narrow_Body,2,172
273,I,A,5,Narrow_Body,2,171
274,I,D,5,Narrow_Body,2,183
275,D,D,1,Narrow_Body,2,97
276,D,A,1,Narrow_Body,2,180
277,D,D,1,Narrow_Body,2,264
278,D,A,1,Narrow_Body,1,57
279,D,D,1,Narrow_Body,2,182
280,D,A,1,Narrow_Body,2,252
281,D,D,1,Narrow_Body,1,178
282,D,A,1,Narrow_Body,1,258
283,D,D,1,Regional,2,114
284,D,A,1,Regional,1,185
285,D,D,1,Narrow_Body,2,149
286,D,A,1,Narrow_Body,2,216
287,D,D,1,Narrow_Body,2,176
288,D,A,1,Narrow_Body,2,245
289,D,D,1,Narrow_Body,2,191
290,D,A,1,Narrow_Body,2,259
291,D,D,1,Narrow_Body,2,283
292,D,A,1,Narrow_Body,2,61
293,D,D,3,Wide_Body,3,126
294,D,A,3,Wide_Body,3,205
295,D,D,1,Narrow_Body,2,228
296,D,A,1,Narrow_Body,1,11
297,D,D,1,Narrow_Body,2,73
298,D,A,1,Narrow_Body,2,144
299,D,D,1,Narrow_Body,2,148
300,D,A,1,Narrow_Body,2,222
301,D,D,1,Narrow_Body,2,170
302,D,A,1,Narrow_Body,2,242
303,D,D,1,Narrow_Body,2,278
304,D,A,1,Narrow_Body,2,64
305,D,D,1,Narrow_Body,2,213
306,D,A,1,Narrow_Body,2,286
307,D,D,1,Regional,1,7
308,D,A,1,Regional,2,175
309,D,D,1,Narrow_Body,2,109
310,D,A,1,Narrow_Body,2,185
311,D,D,1,Narrow_Body,2,93
312,D,A,1,Narrow_Body,2,164
313,D,D,1,Narrow_Body,2,250
314,D,A,1,Narrow_Body,2,112
315,D,D,1,Narrow_Body,2,180
316,D,A,1,Narrow_Body,2,248
317,I,A,5,Narrow_Body,2,1
318,D,D,1,Narrow_Body,2,262
319,D,A,1,Narrow_Body,1,101
320,I,D,5,Narrow_Body,2,105
321,D,D,1,Regional,1,78
322,D,A,1,Regional,1,145
323,D,D,1,Narrow_Body,2,98
324,D,A,1,Narrow_Body,2,170
325,D,D,1,Narrow_Body,2,186
326,D,A,1,Narrow_Body,2,247
327,D,D,1,Regional,2,160
328,D,A,1,Regional,2,219
329,D,D,1,Narrow_Body,2,90
330,D,A,1,Narrow_Body,2,150
331,D,D,1,Narrow_Body,2,108
332,D,A,1,Narrow_Body,2,167
333,D,D,1,Regional,1,23
334,D,A,1,Regional,1,93
335,D,D,1,Narrow_Body,2,259
336,D,A,1,Narrow_Body,2,104
337,D,D,1,Narrow_Body,2,178
338,D,A,1,Narrow_Body,2,246
339,D,D,1,Narrow_Body,2,179
340,D,A,1,Narrow_Body,2,235
341,D,D,1,Narrow_Body,2,274
342,D,A,1,Narrow_Body,2,94
343,D,D,1,Regional,2,211
344,D,A,1,Regional,1,266
345,D,D,1,Narrow_Body,1,24
346,D,A,1,Narrow_Body,2,117
347,D,D,1,Narrow_Body,2,111
348,D,A,1,Narrow_Body,2,160
349,D,D,1,Regional,1,192
350,D,A,1,Regional,1,245
351,D,D,1,Narrow_Body,2,232
352,D,A,1,Narrow_Body,2,284
353,D,D,1,Narrow_Body,2,9
354,D,A,1,Narrow_Body,1,60
355,D,D,1,Narrow_Body,2,267
356,D,A,1,Narrow_Body,2,265
357,D,D,1,Narrow_Body,2,88
358,D,A,1,Narrow_Body,2,151
359,D,D,1,Regional,1,211
360,D,A,1,Regional,1,275
361,D,D,1,Regional,1,22
362,D,A,1,Regional,1,74
363,D,D,1,Narrow_Body,2,116
364,D,A,1,Narrow_Body,2,169
365,D,D,1,Narrow_Body,2,98
366,D,A,1,Narrow_Body,1,156
367,D,D,1,Narrow_Body,2,165
368,D,A,1,Narrow_Body,2,221
369,D,D,1,Narrow_Body,2,205
370,D,A,1,Narrow_Body,2,258
371,D,D,1,Narrow_Body,2,271
372,D,A,1,Narrow_Body,2,88
373,D,D,1,Regional,1,17
374,D,A,1,Regional,1,80
375,D,D,1,Regional,1,117
376,D,A,1,Regional,1,159
377,D,D,1,Narrow_Body,2,286
378,D,A,1,Narrow_Body,2,75
379,D,D,1,Narrow_Body,2,220
380,D,A,1,Narrow_Body,2,262
381,D,D,1,Regional,1,198
382,D,A,1,Regional,2,239
383,D,D,1,Regional,1,114
384,D,A,1,Regional,2,177
385,D,D,1,Narrow_Body,2,172
386,D,A,1,Narrow_Body,2,236
387,D,D,1,Narrow_Body,2,20
388,D,A,1,Narrow_Body,2,99
389,D,D,1,Narrow_Body,2,242
390,D,A,1,Narrow_Body,2,70
391,D,D,1,Narrow_Body,2,187
392,D,A,1,Narrow_Body,2,254
393,D,D,1,Narrow_Body,2,262
394,D,A,1,Narrow_Body,2,81
395,D,D,1,Narrow_Body,2,84
396,D,A,1,Narrow_Body,2,141
397,D,D,1,Regional,2,192
398,D,A,1,Regional,2,255
399,D,D,1,Narrow_Body,2,217
400,D,A,1,Narrow_Body,2,283
401,D,D,1,Narrow_Body,2,100
402,D,A,1,Narrow_Body,1,149
403,D,D,1,Regional,1,78
404,D,A,1,Regional,1,129
405,D,D,1,Narrow_Body,2,262
406,D,A,1,Narrow_Body,2,101
407,D,D,1,Narrow_Body,2,133
408,D,A,1,Narrow_Body,2,182
409,D,D,1,Narrow_Body,2,72
410,D,A,1,Narrow_Body,2,155
411,D,D,1,Regional,1,129
412,D,A,1,Regional,1,180
413,D,D,1,Regional,1,22
414,D,A,1,Regional,1,83
415,D,D,1,Regional,1,203
416,D,A,1,Regional,2,262
417,D,D,1,Regional,1,281
418,D,A,1,Regional,1,52
419,D,D,1,Regional,2,92
420,D,A,1,Regional,1,153
421,D,D,1,Regional,1,17
422,D,A,1,Regional,1,115
423,D,D,1,Narrow_Body,2,198
424,D,A,1,Narrow_Body,2,267
425,D,D,1,Narrow_Body,2,93
426,D,A,1,Narrow_Body,2,162
427,D,D,1,Narrow_Body,2,13
428,D,A,1,Narrow_Body,2,125
429,D,D,1,Narrow_Body,2,167
430,D,A,1,Narrow_Body,2,237
431,D,D,1,Narrow_Body,2,251
432,D,A,1,Regional,1,59
433,D,D,1,Narrow_Body,1,87
434,D,A,1,Narrow_Body,2,155
435,D,D,1,Narrow_Body,1,280
436,D,A,1,Narrow_Body,2,62
437,D,D,1,Narrow_Body,2,182
438,D,A,1,Narrow_Body,2,253
439,D,D,1,Regional,2,196
440,D,D,1,Regional,1,98
441,D,A,1,Regional,1,156
442,D,D,1,Regional,1,1
443,D,A,1,Regional,1,58
444,D,D,1,Regional,1,222
445,D,A,1,Regional,1,285
446,D,D,1,Narrow_Body,2,245
447,D,A,1,Narrow_Body,1,285
448,D,D,1,Regional,2,107
449,D,A,1,Regional,1,148
450,D,D,1,Regional,1,286
451,D,A,1,Regional,1,90
452,D,D,1,Regional,1,79
453,D,A,1,Regional,1,134
454,D,D,1,Regional,1,231
455,D,A,1,Regional,1,283
456,D,D,1,Regional,1,117
457,D,A,1,Regional,1,169
458,D,D,1,Regional,1,200
459,D,A,1,Regional,2,253
460,D,D,1,Regional,1,213
461,D,A,1,Regional,2,279
462,D,D,1,Regional,1,108
463,D,A,1,Regional,1,173
464,D,D,1,Regional,1,254
465,D,A,1,Regional,1,63
466,D,D,1,Regional,1,125
467,D,A,1,Regional,1,172
468,D,D,1,Regional,1,287
469,D,A,1,Regional,1,50
470,D,D,1,Regional,1,236
471,D,A,1,Regional,1,283
472,D,D,1,Narrow_Body,2,12
473,D,A,1,Narrow_Body,2,97
474,D,D,1,Regional,1,167
475,D,A,1,Regional,1,217
476,D,D,1,Regional,2,104
477,D,A,1,Regional,2,166
478,D,D,1,Regional,1,154
479,D,A,1,Regional,1,267
480,D,D,1,Narrow_Body,2,268
481,D,A,1,Narrow_Body,2,96
482,D,D,1,Narrow_Body,2,272
483,D,A,1,Regional,1,55
484,D,D,1,Narrow_Body,2,102
485,D,A,1,Narrow_Body,2,174
486,D,D,1,Narrow_Body,2,136
487,D,A,1,Narrow_Body,2,210
488,D,D,1,Narrow_Body,2,184
489,D,A,1,Narrow_Body,2,259
490,D,D,1,Narrow_Body,2,258
491,D,A,1,Narrow_Body,2,90
492,D,D,1,Narrow_Body,2,285
493,D,A,1,Narrow_Body,2,69
494,D,D,1,Narrow_Body,2,81
495,D,A,1,Narrow_Body,2,152
496,D,D,1,Narrow_Body,2,162
497,D,A,1,Narrow_Body,2,232
498,D,D,1,Narrow_Body,2,210
499,D,A,1,Narrow_Body,2,284
500,D,D,1,Narrow_Body,2,82
501,D,A,1,Narrow_Body,2,153
502,D,D,1,Narrow_Body,2,168
503,D,A,1,Narrow_Body,2,241
504,D,D,1,Narrow_Body,2,1
505,D,A,1,Narrow_Body,2,72
506,D,D,1,Regional,1,214
507,D,A,1,Narrow_Body,1,4
508,D,D,1,Narrow_Body,2,8
509,D,A,1,Narrow_Body,2,78
510,D,D,3,Narrow_Body,2,260
511,D,A,3,Narrow_Body,2,91
512,D,D,1,Regional,1,177
513,D,A,1,Regional,1,251
514,D,D,1,Narrow_Body,2,23
515,D,A,1,Narrow_Body,2,111
516,D,D,1,Regional,1,77
517,D,A,1,Regional,1,154
518,D,D,1,Narrow_Body,1,209
519,D,A,1,Narrow_Body,2,80
520,D,D,3,Wide_Body,3,257
521,D,A,3,Wide_Body,2,132
522,D,D,1,Narrow_Body,2,90
523,D,A,1,Narrow_Body,2,248
524,D,D,3,Narrow_Body,2,257
525,D,A,3,Narrow_Body,2,87
526,D,D,3,Narrow_Body,2,268
527,D,A,3,Narrow_Body,2,101
528,D,D,1,Narrow_Body,2,110
529,D,A,1,Narrow_Body,2,225
530,D,D,1,Narrow_Body,2,77
531,D,A,1,Narrow_Body,2,191
532,D,D,1,Regional,1,258
533,D,A,1,Regional,1,93
534,D,D,3,Narrow_Body,2,22
535,D,A,3,Narrow_Body,2,120
536,D,D,3,Narrow_Body,2,2
537,D,A,3,Narrow_Body,2,131
538,D,D,1,Narrow_Body,2,245
539,D,A,1,Narrow_Body,2,86
540,D,D,3,Wide_Body,4,12
541,D,A,3,Wide_Body,3,145
542,D,D,1,Narrow_Body,2,92
543,D,A,1,Narrow_Body,2,226
544,D,D,1,Regional,1,140
545,D,A,1,Regional,1,227
546,D,D,1,Narrow_Body,2,214
547,D,A,1,Regional,1,1
548,D,D,1,Narrow_Body,2,97
549,D,A,1,Narrow_Body,2,178
550,D,D,1,Narrow_Body,2,101
551,D,A,1,Narrow_Body,2,183
552,D,D,1,Narrow_Body,2,284
553,D,A,1,Narrow_Body,2,76
554,D,D,1,Narrow_Body,2,168
555,D,A,1,Narrow_Body,2,251
556,D,D,1,Regional,1,18
557,D,A,1,Regional,2,100
558,D,D,1,Narrow_Body,2,261
559,D,A,1,Narrow_Body,2,75
560,D,D,1,Narrow_Body,2,19
561,D,A,1,Narrow_Body,2,114
562,D,D,1,Narrow_Body,2,123
563,D,A,1,Narrow_Body,2,223
564,D,D,1,Narrow_Body,2,23
565,D,A,1,Narrow_Body,2,128
566,D,D,3,Narrow_Body,2,277
567,D,A,3,Narrow_Body,2,107
568,D,D,1,Narrow_Body,2,267
569,D,A,1,Narrow_Body,2,96
570,D,D,3,Narrow_Body,2,11
571,D,A,3,Narrow_Body,3,125
572,D,D,1,Narrow_Body,2,99
573,D,A,1,Narrow_Body,2,164
574,D,D,1,Narrow_Body,2,247
575,D,A,1,Narrow_Body,2,74
576,D,D,1,Narrow_Body,2,13
577,D,A,1,Narrow_Body,2,171
578,D,D,1,Narrow_Body,2,77
579,D,A,1,Narrow_Body,2,130
580,D,D,1,Narrow_Body,2,111
581,D,A,1,Narrow_Body,2,186
582,D,D,1,Narrow_Body,2,141
583,D,A,1,Narrow_Body,2,219
584,D,D,1,Narrow_Body,2,179
585,D,A,1,Narrow_Body,2,256
586,D,D,1,Narrow_Body,2,252
587,D,A,1,Narrow_Body,1,60
588,D,D,1,Narrow_Body,2,163
589,D,A,1,Narrow_Body,2,238
590,D,D,1,Narrow_Body,2,74
591,D,A,1,Narrow_Body,2,148
592,D,D,3,Narrow_Body,2,8
593,D,A,3,Narrow_Body,2,103
594,D,D,3,Narrow_Body,1,75
595,D,A,3,Narrow_Body,2,170
596,D,D,1,Regional,1,90
597,D,A,1,Regional,1,156
598,D,D,1,Narrow_Body,2,89
599,D,A,1,Narrow_Body,2,161
600,D,D,3,Narrow_Body,2,274
601,D,A,3,Narrow_Body,2,84
602,D,D,1,Narrow_Body,2,209
603,D,A,1,Narrow_Body,2,287
604,D,D,1,Narrow_Body,2,173
605,D,A,1,Narrow_Body,2,233
606,D,D,3,Wide_Body,4,188
607,D,A,3,Wide_Body,5,123
608,D,D,3,Wide_Body,3,247
609,D,A,3,Wide_Body,3,190
610,D,D,3,Wide_Body,4,207
611,D,A,3,Wide_Body,5,127
612,D,D,3,Wide_Body,4,201
613,D,A,3,Wide_Body,5,152
614,I,A,5,Narrow_Body,2,213
615,I,D,5,Narrow_Body,2,225
616,D,D,1,Narrow_Body,2,269
617,D,A,1,Narrow_Body,2,164
618,D,D,1,Narrow_Body,2,120
619,D,A,1,Narrow_Body,2,178
620,D,D,3,Narrow_Body,2,269
621,D,A,3,Narrow_Body,2,77
622,D,D,1,Narrow_Body,2,181
623,D,A,1,Narrow_Body,2,244
624,I,D,2,Wide_Body,5,34
625,I,D,2,Wide_Body,6,119
626,I,A,2,Wide_Body,5,244
627,I,D,2,Wide_Body,6,115
628,I,A,2,Wide_Body,5,229
629,I,D,3,Narrow_Body,2,103
630,I,A,2,Narrow_Body,2,147
631,I,D,3,Narrow_Body,3,218
632,I,A,2,Narrow_Body,3,263
633,I,D,3,Regional,2,264
634,I,A,2,Regional,1,92
635,I,D,3,Regional,1,160
636,I,A,2,Regional,2,211
637,I,D,3,Narrow_Body,2,202
638,I,A,2,Narrow_Body,3,249
639,I,A,5,Narrow_Body,2,19
640,I,D,3,Narrow_Body,2,273
641,I,A,3,Narrow_Body,2,71
642,I,D,5,Narrow_Body,2,74
643,I,D,5,Narrow_Body,2,286
644,I,A,5,Narrow_Body,2,87
645,I,D,5,Narrow_Body,2,119
646,I,A,5,Narrow_Body,2,208
647,I,D,3,Narrow_Body,2,78
648,I,A,3,Narrow_Body,2,158
649,I,D,3,Narrow_Body,2,117
650,I,A,3,Narrow_Body,2,201
651,I,D,3,Narrow_Body,2,195
652,I,A,3,Narrow_Body,2,280
653,I,D,3,Narrow_Body,2,25
654,I,A,3,Narrow_Body,2,116
655,I,D,3,Narrow_Body,2,284
656,I,A,3,Narrow_Body,2,85
657,I,D,3,Narrow_Body,2,248
658,I,A,3,Narrow_Body,2,57
659,I,D,3,Wide_Body,4,249
660,I,A,3,Wide_Body,4,85
661,I,A,3,Narrow_Body,2,107
662,I,D,3,Narrow_Body,2,92
663,I,A,3,Narrow_Body,3,214
664,I,D,3,Narrow_Body,3,261
665,I,A,3,Narrow_Body,3,92
666,I,D,3,Narrow_Body,3,135
667,I,A,3,Narrow_Body,3,217
668,I,D,3,Narrow_Body,3,266
669,I,A,3,Narrow_Body,2,58
670,I,D,3,Narrow_Body,2,250
671,I,A,3,Narrow_Body,2,86
672,I,D,3,Narrow_Body,2,269
673,I,A,2,Narrow_Body,2,83
674,I,D,2,Narrow_Body,2,93
675,I,A,2,Narrow_Body,3,220
676,I,D,3,Narrow_Body,2,252
677,I,A,2,Narrow_Body,3,91
678,I,D,2,Regional,1,2
679,I,A,2,Regional,1,79
680,I,D,2,Regional,1,2
681,I,A,2,Regional,1,84
682,I,D,2,Narrow_Body,2,286
683,I,A,2,Narrow_Body,3,97
684,I,D,2,Narrow_Body,2,16
685,I,A,2,Narrow_Body,2,89
686,I,D,2,Narrow_Body,2,283
687,I,A,2,Narrow_Body,1,88
688,I,D,2,Narrow_Body,2,112
689,I,A,2,Narrow_Body,3,211
690,I,D,3,Narrow_Body,2,128
691,I,A,3,Narrow_Body,2,188
692,I,D,3,Narrow_Body,2,217
693,I,A,3,Narrow_Body,2,279
694,I,D,3,Narrow_Body,2,93
695,I,A,3,Narrow_Body,2,154
696,I,D,5,Narrow_Body,2,90
697,I,A,5,Narrow_Body,2,166
698,I,D,5,Narrow_Body,2,122
699,I,A,2,Narrow_Body,2,199
700,I,D,5,Narrow_Body,1,179
701,I,A,3,Narrow_Body,2,257
702,I,D,5,Narrow_Body,2,231
703,I,A,5,Narrow_Body,1,54
704,I,D,5,Narrow_Body,2,156
705,I,A,5,Narrow_Body,2,234
706,I,D,5,Narrow_Body,2,204
707,I,A,3,Narrow_Body,2,281
708,I,D,2,Narrow_Body,2,122
709,I,A,2,Narrow_Body,2,198
710,I,D,2,Narrow_Body,2,85
711,I,A,3,Narrow_Body,1,161
712,I,D,5,Narrow_Body,1,112
713,I,A,5,Narrow_Body,2,197
714,I,D,5,Regional,1,251
715,I,A,3,Narrow_Body,1,61
716,I,D,5,Narrow_Body,1,121
717,I,A,5,Narrow_Body,2,205
718,I,D,3,Narrow_Body,2,182
719,I,A,5,Narrow_Body,2,276
720,I,D,2,Narrow_Body,1,99
721,I,A,2,Narrow_Body,2,187
722,I,D,5,Narrow_Body,2,240
723,I,A,5,Narrow_Body,1,68
724,I,D,5,Narrow_Body,2,119
725,I,A,5,Narrow_Body,2,225
726,I,D,5,Narrow_Body,2,171
727,I,A,3,Narrow_Body,2,279
728,I,D,2,Narrow_Body,2,123
729,I,A,2,Narrow_Body,2,206
730,I,D,2,Narrow_Body,2,243
731,I,A,2,Narrow_Body,1,55
732,I,D,3,Narrow_Body,2,208
733,I,A,3,Narrow_Body,1,2
734,I,D,3,Regional,1,142
735,I,A,3,Regional,1,194
736,I,D,5,Narrow_Body,2,102
737,I,D,5,Narrow_Body,2,105
738,I,A,5,Narrow_Body,1,159
739,I,D,5,Narrow_Body,2,255
740,I,A,5,Narrow_Body,1,79
741,I,D,2,Narrow_Body,2,97
742,I,A,2,Narrow_Body,2,207
743,I,D,2,Narrow_Body,3,233
744,I,A,2,Narrow_Body,2,52
745,I,D,3,Regional,1,275
746,I,D,3,Narrow_Body,2,195
747,I,A,3,Narrow_Body,2,5
748,I,D,5,Narrow_Body,2,130
749,I,A,5,Narrow_Body,2,247
750,I,D,2,Narrow_Body,2,94
751,I,A,2,Narrow_Body,2,192
752,I,D,3,Narrow_Body,1,169
753,I,A,3,Narrow_Body,2,269
754,I,D,3,Narrow_Body,1,255
755,I,A,3,Narrow_Body,1,73
756,I,D,3,Narrow_Body,2,120
757,I,A,2,Narrow_Body,2,221
758,I,D,2,Narrow_Body,2,212
759,I,A,3,Narrow_Body,1,49
760,I,D,2,Narrow_Body,2,115
761,I,A,3,Narrow_Body,2,218
762,I,D,2,Narrow_Body,2,243
763,I,A,2,Narrow_Body,2,65
764,I,D,3,Narrow_Body,2,136
765,I,A,3,Narrow_Body,2,226
766,I,D,3,Narrow_Body,2,173
767,I,A,3,Narrow_Body,3,262
768,I,D,3,Narrow_Body,2,191
769,I,A,3,Narrow_Body,1,286
770,I,D,3,Regional,1,194
771,I,A,3,Regional,1,249
772,I,D,5,Narrow_Body,2,99
773,I,A,5,Narrow_Body,2,194
774,I,D,5,Narrow_Body,1,124
775,I,A,5,Narrow_Body,1,200
776,I,D,3,Regional,1,245
777,I,D,5,Narrow_Body,3,109
778,I,A,5,Narrow_Body,2,188
779,I,D,5,Narrow_Body,2,237
780,I,A,3,Narrow_Body,2,53
781,I,D,3,Narrow_Body,2,220
782,I,A,3,Narrow_Body,2,273
783,I,D,3,Regional,1,102
784,I,A,3,Regional,1,157
785,I,D,3,Regional,1,128
786,I,A,3,Regional,1,182
787,I,D,3,Narrow_Body,1,125
788,I,A,3,Narrow_Body,2,190
789,I,D,5,Regional,1,217
790,I,A,3,Regional,1,268
791,I,D,3,Narrow_Body,2,123
792,I,A,3,Narrow_Body,2,222
793,I,D,3,Narrow_Body,2,226
794,I,A,3,Narrow_Body,2,31
795,I,D,3,Narrow_Body,2,95
796,I,A,3,Narrow_Body,3,187
797,I,D,3,Narrow_Body,2,112
798,I,A,3,Narrow_Body,2,189
799,I,D,3,Narrow_Body,2,185
800,I,A,3,Narrow_Body,2,261
801,I,D,3,Narrow_Body,2,235
802,I,A,3,Narrow_Body,1,48
803,I,D,3,Narrow_Body,1,136
804,I,A,3,Narrow_Body,2,216
805,I,D,3,Narrow_Body,1,82
806,I,A,3,Narrow_Body,2,171
807,I,D,3,Narrow_Body,2,113
808,I,A,3,Narrow_Body,3,200
809,I,D,3,Narrow_Body,2,174
810,I,A,3,Narrow_Body,2,260
811,I,D,3,Narrow_Body,2,131
812,I,A,3,Narrow_Body,2,223
813,I,D,3,Narrow_Body,2,228
814,I,A,3,Narrow_Body,1,34
815,I,D,3,Narrow_Body,2,129
816,I,A,3,Narrow_Body,2,213
817,I,D,3,Regional,1,137
818,I,A,3,Regional,1,215
819,I,D,3,Narrow_Body,2,127
820,I,A,3,Narrow_Body,2,207
821,I,D,3,Narrow_Body,2,193
822,I,A,3,Narrow_Body,2,273
823,I,D,3,Narrow_Body,2,201
824,I,A,5,Narrow_Body,2,281
825,I,D,5,Narrow_Body,2,240
826,I,A,5,Narrow_Body,1,50
827,I,D,3,Narrow_Body,2,144
828,I,A,5,Narrow_Body,2,224
829,I,D,3,Narrow_Body,1,105
830,I,A,3,Narrow_Body,1,210
831,I,D,3,Narrow_Body,1,240
832,I,A,3,Narrow_Body,1,57
833,I,D,2,Narrow_Body,2,107
834,I,A,2,Narrow_Body,2,209
835,I,D,2,Narrow_Body,1,215
836,I,A,3,Narrow_Body,2,26
837,I,D,3,Narrow_Body,1,218
838,I,A,3,Narrow_Body,2,282
839,I,D,2,Narrow_Body,2,118
840,I,A,2,Narrow_Body,2,216
841,I,D,2,Narrow_Body,1,221
842,I,A,3,Narrow_Body,2,34
843,I,A,3,Narrow_Body,1,56
844,I,D,3,Narrow_Body,2,103
845,I,A,3,Narrow_Body,2,210
846,I,D,3,Narrow_Body,1,224
847,I,D,3,Narrow_Body,1,137
848,I,A,3,Narrow_Body,1,243
849,I,D,3,Narrow_Body,1,174
850,I,A,3,Narrow_Body,2,277
851,I,D,3,Narrow_Body,1,101
852,I,A,3,Narrow_Body,2,201
853,I,D,3,Narrow_Body,2,176
854,I,A,3,Narrow_Body,2,275
855,I,D,3,Narrow_Body,2,239
856,I,A,3,Narrow_Body,1,60
857,I,D,3,Narrow_Body,1,82
858,I,A,3,Narrow_Body,1,181
859,I,D,3,Narrow_Body,1,124
860,I,A,3,Narrow_Body,2,230
861,I,D,5,Narrow_Body,2,237
862,I,A,3,Narrow_Body,2,42
863,I,D,5,Narrow_Body,1,94
864,I,A,5,Narrow_Body,2,189
865,I,D,3,Narrow_Body,1,241
866,I,A,5,Narrow_Body,2,53
867,I,D,3,Narrow_Body,2,234
868,I,A,3,Narrow_Body,2,126
869,I,D,3,Narrow_Body,2,91
870,I,A,3,Narrow_Body,2,196
871,I,D,3,Narrow_Body,2,121
872,I,A,3,Narrow_Body,2,227
873,I,D,3,Narrow_Body,1,169
874,I,A,3,Narrow_Body,2,274
875,I,A,3,Narrow_Body,2,51
876,I,D,3,Narrow_Body,2,141
877,I,A,3,Narrow_Body,2,247
878,I,D,2,Narrow_Body,2,164
879,I,A,2,Narrow_Body,2,243
880,I,D,2,Narrow_Body,2,215
881,I,A,3,Narrow_Body,1,2
882,I,D,5,Narrow_Body,2,121
883,I,A,5,Narrow_Body,2,227
884,I,D,5,Narrow_Body,1,167
885,I,A,5,Narrow_Body,1,272
886,I,D,5,Narrow_Body,1,216
887,I,A,2,Wide_Body,5,76
888,I,D,3,Narrow_Body,1,96
889,I,A,3,Narrow_Body,1,204
890,I,D,3,Narrow_Body,1,91
891,I,A,3,Narrow_Body,2,186
892,I,D,5,Narrow_Body,1,238
893,I,A,5,Narrow_Body,1,43
894,I,D,3,Narrow_Body,1,80
895,I,A,3,Narrow_Body,2,214
896,I,D,2,Narrow_Body,2,108
897,I,A,2,Narrow_Body,2,235
898,I,D,3,Narrow_Body,2,232
899,I,A,3,Narrow_Body,2,67
900,I,D,3,Narrow_Body,2,146
901,I,A,3,Narrow_Body,2,268
902,I,D,3,Narrow_Body,1,132
903,I,A,3,Narrow_Body,2,265
904,I,D,5,Narrow_Body,1,216
905,I,D,5,Regional,1,221
906,I,D,3,Narrow_Body,2,91
907,I,A,3,Narrow_Body,2,179
908,I,A,3,Narrow_Body,1,7
909,I,D,5,Wide_Body,2,147
910,I,A,2,Wide_Body,4,52
911,I,D,2,Wide_Body,3,110
912,I,A,2,Wide_Body,4,213
913,I,D,3,Narrow_Body,1,89
914,I,D,3,Wide_Body,2,118
915,I,A,3,Wide_Body,2,230
916,I,D,3,Narrow_Body,2,85
917,I,A,3,Narrow_Body,1,199
918,I,D,3,Narrow_Body,2,164
919,I,A,3,Narrow_Body,2,278
920,I,D,3,Narrow_Body,2,230
921,I,A,3,Narrow_Body,2,54
922,I,D,3,Narrow_Body,1,235
923,I,A,3,Narrow_Body,2,59
924,I,D,3,Narrow_Body,2,237
925,I,D,5,Narrow_Body,2,111
926,I,A,5,Narrow_Body,2,205
927,I,D,3,Narrow_Body,2,103
928,I,A,3,Narrow_Body,2,240
929,I,D,3,Narrow_Body,1,219
930,I,A,3,Narrow_Body,2,65
931,I,D,2,Narrow_Body,2,234
932,I,A,3,Narrow_Body,2,194
933,I,D,3,Narrow_Body,2,116
934,I,A,3,Narrow_Body,2,204
935,I,D,3,Narrow_Body,2,132
936,I,A,3,Narrow_Body,2,233
937,I,D,5,Narrow_Body,2,238
938,I,A,5,Narrow_Body,2,47
939,I,D,3,Narrow_Body,2,120
940,I,A,3,Narrow_Body,2,263
941,I,D,5,Narrow_Body,1,178
942,I,A,5,Narrow_Body,2,274
943,I,D,3,Narrow_Body,2,88
944,I,A,3,Narrow_Body,2,212
945,I,D,3,Narrow_Body,2,115
946,I,A,3,Narrow_Body,2,238
947,I,D,3,Narrow_Body,2,186
948,I,A,3,Narrow_Body,2,278
949,I,D,5,Narrow_Body,1,124
950,I,A,5,Narrow_Body,2,198
951,I,D,3,Narrow_Body,2,219
952,I,A,3,Narrow_Body,2,269
953,I,D,3,Narrow_Body,2,111
954,I,A,3,Narrow_Body,1,160
955,I,D,3,Narrow_Body,2,87
956,I,A,3,Narrow_Body,2,162
957,I,D,5,Narrow_Body,2,175
958,I,A,5,Narrow_Body,3,272
959,I,A,3,Regional,1,188
960,I,A,5,Regional,1,270
961,D,D,1,Narrow_Body,1,190
962,D,D,3,Narrow_Body,2,97
963,D,A,3,Narrow_Body,2,167
964,D,D,3,Narrow_Body,2,104
965,D,A,3,Narrow_Body,2,163
966,D,D,3,Narrow_Body,2,281
967,D,A,3,Narrow_Body,1,98
968,D,D,3,Narrow_Body,2,8
969,D,A,3,Narrow_Body,2,73
970,D,D,3,Narrow_Body,3,231
971,D,A,3,Narrow_Body,2,87
972,D,D,3,Narrow_Body,2,189
973,D,A,3,Narrow_Body,1,266
974,D,D,3,Narrow_Body,2,101
975,D,A,3,Narrow_Body,1,177
976,D,D,3,Narrow_Body,3,206
977,D,A,3,Narrow_Body,3,266
978,D,D,3,Narrow_Body,2,193
979,D,A,3,Narrow_Body,3,268
980,D,D,3,Narrow_Body,2,113
981,D,A,3,Narrow_Body,2,184
982,D,D,3,Narrow_Body,3,275
983,D,A,3,Narrow_Body,2,58
984,D,D,3,Wide_Body,3,221
985,D,A,3,Wide_Body,4,168
986,D,D,3,Wide_Body,5,205
987,D,A,3,Wide_Body,4,149
988,D,D,3,Wide_Body,4,238
989,D,D,3,Wide_Body,3,222
990,D,A,3,Wide_Body,5,150
991,D,A,3,Wide_Body,5,170
992,I,A,3,Wide_Body,5,59
993,D,D,3,Wide_Body,3,253
994,D,A,3,Wide_Body,4,175
995,I,D,3,Narrow_Body,1,130
996,I,A,3,Narrow_Body,1,241
997,I,D,3,Narrow_Body,2,239
998,I,D,2,Wide_Body,3,51
999,I,D,2,Narrow_Body,2,41
1000,I,D,2,Wide_Body,3,41
1001,I,D,2,Wide_Body,3,183
1002,I,D,2,Wide_Body,3,38
1003,I,D,2,Wide_Body,5,50
1004,I,A,2,Wide_Body,5,33
1005,I,A,3,Wide_Body,3,261
1006,I,D,3,Wide_Body,3,283
1007,I,D,2,Wide_Body,3,158
1008,I,A,2,Wide_Body,3,140
